_id,zip_cd,single_dose_administered,all_doses_administered,fully_vaccinated,booster_dose_administered,eligible_population
1,46001,326,13623,5217,2654,9433
2,46011,587,26758,9895,5609,16392
3,46012,634,28383,10463,5920,18671
4,46013,733,26613,10133,5345,15946
5,46016,710,17974,7212,2972,16904
6,46017,185,8545,3223,1733,5411
7,46030,111,4063,1565,812,2881
8,46031,132,2899,1140,575,2460
9,46032,2911,113040,40820,25787,48388
10,46033,2258,87936,31707,20393,36742
11,46034,358,11394,4332,2366,6230
12,46035,40,1325,529,247,1128
13,46036,542,14310,5597,2719,11060
14,46037,2651,98289,36576,21707,39206
15,46038,2281,85053,31885,18545,40687
16,46039,22,702,273,132,494
17,46040,808,29029,11131,6010,11423
18,46041,888,29044,11419,5251,20706
19,46044,84,3894,1493,767,2989
20,46045,Suppressed,Suppressed,Suppressed,Suppressed,39
21,46047,Suppressed,Suppressed,Suppressed,Suppressed,37
22,46048,77,2317,927,408,1964
23,46049,35,947,375,181,1057
24,46050,79,2046,789,410,1968
25,46051,111,3855,1495,762,2672
26,46052,1041,32699,12758,6299,21312
27,46055,757,27616,10445,5785,11656
28,46056,101,3175,1231,646,2092
29,46057,28,1116,424,222,1155
30,46058,44,3228,1212,670,2353
31,46060,1934,76430,29354,15201,38257
32,46062,1883,70623,26670,15011,32921
33,46063,6,366,138,79,521
34,46064,683,29349,11139,6019,16288
35,46065,85,4377,1664,843,3225
36,46068,107,3159,1229,617,2794
37,46069,377,9507,3704,1921,6673
38,46070,75,2789,1064,565,2187
39,46071,176,4054,1635,763,3001
40,46072,337,12397,4717,2476,8052
41,46074,2205,88802,33099,19430,32189
42,46075,438,14183,5405,2992,5817
43,46076,46,1586,625,280,1373
44,46077,2095,75812,27770,17352,27439
45,46103,5,326,127,60,155
46,46104,22,1128,429,228,875
47,46105,92,2145,839,426,1676
48,46106,389,13899,5376,2767,6283
49,46107,601,18110,7010,3491,12301
50,46110,15,691,273,130,562
51,46111,13,345,141,56,189
52,46112,2400,73685,28343,15087,35534
53,46113,801,20519,8236,3676,14667
54,46115,84,2294,893,445,1846
55,46117,21,822,313,167,772
56,46118,192,6216,2429,1205,4833
57,46120,431,6449,2647,1200,5083
58,46121,228,6617,2604,1264,5131
59,46122,730,24538,9512,4757,15305
60,46123,2123,73947,28295,14941,34504
61,46124,220,10006,3907,1774,8526
62,46125,Suppressed,Suppressed,Suppressed,Suppressed,55
63,46126,207,5972,2346,1166,4609
64,46127,Suppressed,464,171,99,287
65,46128,103,2349,934,433,1798
66,46130,108,3205,1247,648,2485
67,46131,1117,47046,18034,9086,31210
68,46133,26,871,336,181,782
69,46135,1124,24186,9461,4681,19584
70,46140,1632,63938,24266,13022,37973
71,46142,1577,53615,20226,11058,27783
72,46143,2740,100506,38627,19675,53551
73,46144,10,192,78,36,133
74,46146,Suppressed,193,75,37,360
75,46147,155,3433,1373,657,3045
76,46148,141,6331,2408,1259,5214
77,46149,88,2568,1018,488,1951
78,46150,24,1054,410,204,1027
79,46151,1568,39798,15512,7869,29577
80,46155,Suppressed,149,57,29,162
81,46156,37,1449,545,295,1203
82,46157,201,4715,1884,890,3650
83,46158,1269,32946,12712,6712,21994
84,46160,204,7596,2892,1482,6021
85,46161,128,3301,1275,648,2457
86,46162,29,768,297,162,314
87,46163,678,23237,8765,4966,12271
88,46164,157,5599,2135,1126,3976
89,46165,42,1852,709,361,1487
90,46166,99,2007,823,355,2062
91,46167,465,11154,4376,2239,6695
92,46168,1739,63680,24305,12485,33226
93,46171,74,2047,813,389,1703
94,46172,125,2569,1022,502,2421
95,46173,294,13383,5077,2657,9485
96,46175,12,537,206,105,566
97,46176,1141,40385,15689,7629,25965
98,46180,35,1160,454,213,912
99,46181,175,6734,2595,1315,4740
100,46182,65,2601,971,534,1453
101,46183,Suppressed,Suppressed,Suppressed,Suppressed,15
102,46184,540,17282,6800,3232,13083
103,46186,49,2009,777,391,1580
104,46201,1726,39799,15717,7236,28653
105,46202,1501,35638,13465,7501,19733
106,46203,1755,47345,18629,8708,35594
107,46204,1015,15205,5998,3023,8270
108,46205,1719,46972,17658,10182,25187
109,46208,1201,33590,12621,7002,21492
110,46214,1397,37104,14543,6720,22906
111,46216,154,4727,1697,1066,2263
112,46217,1568,56777,21945,11073,33893
113,46218,1207,35716,13816,6269,27070
114,46219,1824,54940,20838,11091,34348
115,46220,2349,75320,27296,17559,34302
116,46221,1459,31807,13005,5339,24832
117,46222,2103,45732,18641,7104,34319
118,46224,2427,52798,21408,8520,32887
119,46225,347,8186,3248,1470,5105
120,46226,1751,58008,22359,10382,41785
121,46227,2309,86844,33767,15981,50910
122,46228,788,29741,10885,6407,15193
123,46229,1194,39363,15288,7220,27001
124,46231,538,16736,6595,3115,9562
125,46234,1663,45415,17566,9088,25566
126,46235,1165,41067,16270,6708,30301
127,46236,1557,52063,19315,11215,26838
128,46237,1879,72454,27812,14224,36209
129,46239,1516,49096,19214,9435,27942
130,46240,1110,40632,14845,8876,19206
131,46241,1601,36453,14909,5748,29287
132,46250,957,35171,13060,7497,17537
133,46254,1859,57939,22674,10261,37033
134,46256,1314,44898,16311,10160,22477
135,46259,724,23936,9133,5048,10265
136,46260,1388,60333,22081,12610,31491
137,46268,1129,45755,17184,9166,23602
138,46278,674,20352,7233,4733,8364
139,46280,447,14474,5370,3150,6420
140,46290,9,520,166,124,187
141,46301,34,1547,526,328,510
142,46303,437,22163,8486,4173,13746
143,46304,1173,45133,16766,9452,23935
144,46307,2320,110524,41732,22118,59151
145,46310,509,17239,6650,3306,13143
146,46311,769,37754,13933,7655,20450
147,46312,1135,31248,12121,5615,26028
148,46319,677,25085,9531,4912,16264
149,46320,340,16257,6425,2541,12543
150,46321,830,48648,17212,10586,21355
151,46322,742,39510,14556,8171,21334
152,46323,736,28381,11094,4961,20903
153,46324,659,28168,10892,5012,20469
154,46327,303,13569,5326,2277,10730
155,46340,26,1596,592,322,694
156,46341,381,13846,5303,2800,9632
157,46342,1263,45208,17297,8873,29059
158,46345,Suppressed,243,98,42,169
159,46346,46,1282,518,217,1098
160,46347,193,6057,2349,1214,4595
161,46348,46,1311,503,269,950
162,46349,66,3226,1249,588,3141
163,46350,1792,62967,23947,12640,40187
164,46356,493,23977,9187,4602,16701
165,46360,1663,62435,23768,11654,40671
166,46365,38,1315,501,269,723
167,46366,127,6088,2290,1228,5322
168,46368,1611,57459,22028,11196,36507
169,46371,135,5053,1922,1020,2969
170,46373,665,29740,11003,6113,15423
171,46374,27,1164,445,240,745
172,46375,889,42961,15673,9053,22521
173,46376,6,360,142,53,223
174,46377,13,397,153,72,318
175,46379,Suppressed,Suppressed,Suppressed,Suppressed,81
176,46381,Suppressed,233,89,41,176
177,46382,75,2846,1109,543,1684
178,46383,2233,67721,25207,14403,39913
179,46385,1963,69055,25777,14693,37378
180,46390,136,3924,1518,795,3126
181,46391,282,11888,4564,2299,9382
182,46392,314,8756,3455,1655,7294
183,46393,11,423,167,77,285
184,46394,417,17314,6539,3319,11821
185,46402,169,5278,2011,935,5876
186,46403,412,14531,5358,2950,12468
187,46404,414,17357,6439,3356,16333
188,46405,426,13278,5268,2310,10200
189,46406,277,8599,3341,1559,8444
190,46407,239,9900,3795,1767,10022
191,46408,564,15883,6210,2892,14552
192,46409,176,6765,2632,1183,6818
193,46410,1192,54905,21100,10212,36044
194,46501,142,3676,1415,757,3387
195,46502,Suppressed,Suppressed,Suppressed,Suppressed,58
196,46504,121,3086,1205,613,3449
197,46506,393,10608,4159,2024,8916
198,46507,403,10419,4037,2002,8839
199,46508,5,140,57,26,107
200,46510,125,2839,1134,532,3688
201,46511,200,6814,2518,1267,4096
202,46514,1694,53656,20880,9837,38493
203,46516,1444,38938,15559,6524,28720
204,46517,1065,28592,11408,4909,24333
205,46524,40,1208,477,232,1954
206,46526,862,47520,17576,9344,30886
207,46528,672,28668,11016,5428,25027
208,46530,1596,62714,22752,14023,29661
209,46531,29,1325,508,249,1560
210,46532,52,1948,759,372,1469
211,46534,392,11926,4625,2309,10977
212,46536,130,3837,1478,775,2960
213,46537,25,519,208,92,418
214,46538,186,5140,2006,978,3872
215,46539,81,1899,768,343,2579
216,46540,301,9183,3570,1798,10905
217,46542,88,3936,1531,725,3732
218,46543,59,1611,628,321,3146
219,46544,1425,44446,16794,9044,29456
220,46545,1103,39290,14734,7989,23483
221,46550,309,8123,3197,1556,11683
222,46552,284,9583,3600,1984,6612
223,46553,91,2963,1177,531,2965
224,46554,155,5474,2090,1097,4587
225,46555,93,3158,1216,598,2344
226,46556,251,14646,5659,2309,7272
227,46561,658,19134,7442,3785,12735
228,46562,192,4666,1877,841,4789
229,46563,837,29955,11257,5929,22265
230,46565,69,2869,1131,506,7630
231,46567,321,10492,4035,2033,8610
232,46570,36,938,369,173,815
233,46571,31,1688,653,301,5046
234,46573,208,3662,1426,743,3472
235,46574,240,9189,3471,1834,9020
236,46580,1040,26732,10542,5046,20762
237,46582,627,16605,6568,3133,12361
238,46590,212,5679,2189,1163,4799
239,46595,Suppressed,86,31,20,122
240,46601,489,7560,2983,1406,5348
241,46613,425,12090,4751,2092,10606
242,46614,1265,48395,17838,10370,28762
243,46615,649,21509,7953,4532,12892
244,46616,273,9056,3337,1929,4985
245,46617,610,20280,7401,4307,9139
246,46619,700,28617,11057,5222,20138
247,46628,945,37759,14092,7640,24377
248,46635,291,11368,4069,2518,5963
249,46637,859,28853,10732,5887,15288
250,46701,241,8474,3245,1676,7605
251,46702,120,2374,963,437,1988
252,46703,426,25084,9271,5117,17170
253,46704,Suppressed,Suppressed,Suppressed,Suppressed,38
254,46705,47,1672,661,305,1596
255,46706,576,26194,9992,5252,17878
256,46710,142,5303,2046,1038,4000
257,46711,244,6588,2524,1386,7691
258,46714,448,17254,6557,3403,14004
259,46721,126,4441,1754,794,4809
260,46723,185,9039,3449,1784,7487
261,46725,857,30336,11661,5971,21861
262,46730,42,1390,543,265,1015
263,46731,18,685,270,122,685
264,46732,77,2723,1060,485,2856
265,46733,542,23019,8733,4662,17560
266,46737,132,9631,3471,2011,7075
267,46738,217,8791,3410,1651,7868
268,46740,91,2406,925,491,3400
269,46741,73,2917,1127,577,4218
270,46742,99,4446,1636,933,3162
271,46743,48,2186,847,416,1998
272,46745,69,2581,981,556,1953
273,46746,72,3390,1375,535,4400
274,46747,64,2824,1066,552,2189
275,46748,163,10787,4139,2116,4764
276,46750,1498,32896,12964,6387,25075
277,46755,551,18412,7019,3656,14240
278,46759,15,466,179,97,499
279,46760,21,1360,524,255,1266
280,46761,229,8840,3392,1690,11053
281,46763,56,2091,804,420,1744
282,46764,53,1404,562,251,1297
283,46765,152,8047,3109,1558,5329
284,46766,13,464,189,79,737
285,46767,167,8473,3348,1382,7448
286,46770,132,3139,1238,633,2829
287,46771,Suppressed,Suppressed,Suppressed,Suppressed,72
288,46772,47,1607,634,297,2736
289,46773,82,4430,1703,851,3203
290,46774,428,22866,8695,4609,15779
291,46776,38,1778,654,362,1662
292,46777,175,7977,3033,1597,6134
293,46779,30,2233,836,443,1917
294,46781,32,847,329,173,674
295,46783,400,11024,4232,2287,6168
296,46784,83,2770,1042,552,2003
297,46785,35,1394,541,279,1596
298,46786,Suppressed,Suppressed,Suppressed,Suppressed,39
299,46787,140,3918,1517,784,3640
300,46788,83,3006,1175,582,3296
301,46791,29,985,387,197,748
302,46792,135,4660,1773,948,3584
303,46793,133,4683,1816,930,4362
304,46794,30,1379,524,277,1603
305,46795,157,6709,2482,1411,6215
306,46797,98,3801,1472,739,3522
307,46798,36,1815,687,370,1430
308,46799,12,485,189,88,206
309,46802,532,12853,5078,2293,9768
310,46803,269,9615,3877,1439,8687
311,46804,1036,51491,18924,10940,26816
312,46805,675,31388,11976,6076,20280
313,46806,700,28679,11574,4257,22607
314,46807,555,22491,8703,4205,16019
315,46808,608,25142,9771,4627,18419
316,46809,254,11274,4302,2180,8744
317,46814,693,31403,11709,6648,11797
318,46815,661,42312,15900,8477,26408
319,46816,678,25181,10043,4112,17518
320,46818,658,31748,12279,6067,19442
321,46819,260,12480,4749,2445,9011
322,46825,793,45872,17197,9221,27441
323,46835,932,56211,21045,11369,33150
324,46845,792,50762,18895,10641,21729
325,46901,1578,42036,16496,7976,37007
326,46902,1323,47121,17990,9345,33341
327,46910,162,3459,1364,684,3116
328,46911,29,1172,457,231,1299
329,46913,27,1481,570,280,1035
330,46914,62,4603,1705,966,1665
331,46915,18,812,311,158,646
332,46917,47,1756,686,322,1660
333,46919,46,2297,886,437,2274
334,46920,26,1175,441,238,1028
335,46922,Suppressed,Suppressed,Suppressed,Suppressed,18
336,46923,201,9390,3623,1775,7658
337,46926,27,1474,579,270,1233
338,46928,102,5292,2005,1025,4035
339,46929,88,3354,1305,632,2858
340,46930,6,209,80,38,113
341,46931,14,279,114,47,181
342,46932,112,3634,1409,708,2880
343,46933,141,6918,2697,1265,5639
344,46936,232,6717,2629,1314,5583
345,46938,81,2787,1108,498,2847
346,46939,65,2138,811,442,1673
347,46940,72,2770,1066,535,2526
348,46941,32,1135,438,229,905
349,46943,14,138,66,10,215
350,46946,Suppressed,Suppressed,Suppressed,Suppressed,34
351,46947,1481,34861,14050,6099,26100
352,46950,21,620,248,121,551
353,46951,64,1942,770,348,1790
354,46952,450,24775,9225,4903,17593
355,46953,449,21581,8236,4002,21989
356,46957,11,522,199,99,552
357,46958,15,496,189,96,442
358,46959,Suppressed,190,73,37,838
359,46960,32,1372,524,262,1033
360,46961,7,69,30,12,169
361,46962,381,11271,4169,2305,8490
362,46967,Suppressed,Suppressed,Suppressed,Suppressed,91
363,46968,Suppressed,128,52,20,114
364,46970,538,22727,8929,3977,22382
365,46974,65,1536,614,275,1999
366,46975,562,15325,5863,3083,13632
367,46978,64,2070,814,405,2035
368,46979,225,6098,2432,1127,4747
369,46982,104,2330,930,421,2478
370,46984,7,361,132,76,177
371,46985,21,1376,531,271,1374
372,46986,33,2072,797,402,1589
373,46987,26,1197,459,217,845
374,46988,18,694,282,118,901
375,46989,129,4782,1835,922,4746
376,46990,21,694,268,133,707
377,46991,44,1624,641,299,1537
378,46992,530,18832,7296,3542,15337
379,46994,100,2701,1046,545,2607
380,46996,166,8787,3332,1777,5913
381,46998,Suppressed,94,37,17,226
382,47001,439,12788,4864,2523,9656
383,47003,54,990,396,186,765
384,47006,321,18593,6915,3924,11049
385,47010,13,324,126,65,180
386,47011,51,832,331,167,757
387,47012,331,11752,4482,2312,8892
388,47016,23,1058,411,190,774
389,47017,31,643,249,131,481
390,47018,250,4865,1894,979,4160
391,47020,33,983,372,198,1237
392,47022,104,4053,1557,795,2921
393,47023,42,1597,609,317,1536
394,47024,90,2087,838,378,3369
395,47025,907,31485,12034,6122,21368
396,47030,30,1311,520,231,1954
397,47031,184,5758,2228,1142,5181
398,47032,117,3692,1436,699,2968
399,47034,6,183,72,35,127
400,47035,7,269,105,52,246
401,47036,32,1819,635,388,824
402,47037,115,4203,1644,789,4231
403,47038,64,1074,419,219,1617
404,47040,335,6797,2597,1444,4871
405,47041,169,6630,2561,1297,6375
406,47042,198,4683,1816,925,3940
407,47043,160,5518,2093,1061,5012
408,47060,232,8443,3312,1572,5679
409,47102,377,7277,2891,1362,6495
410,47104,Suppressed,Suppressed,Suppressed,Suppressed,0
411,47106,321,6374,2495,1246,4694
412,47108,97,2434,964,445,2242
413,47110,21,423,175,68,374
414,47111,1115,23386,9278,4375,16166
415,47112,952,23331,8980,4552,15797
416,47114,24,542,217,97,311
417,47115,114,3189,1224,636,2802
418,47116,15,804,294,161,674
419,47117,229,5626,2185,1089,4222
420,47118,153,3833,1475,737,3192
421,47119,798,20918,7942,4357,11094
422,47120,35,1114,433,200,665
423,47122,569,17477,6655,3520,10124
424,47123,8,243,87,53,106
425,47124,261,7479,2879,1481,4759
426,47125,87,1920,758,364,1435
427,47126,317,6026,2374,1176,4349
428,47129,915,27184,10623,4675,18369
429,47130,2758,71382,27389,13522,43531
430,47135,57,1446,554,287,894
431,47136,218,7047,2686,1394,4109
432,47137,62,1830,695,372,1443
433,47138,213,5154,2003,1007,4278
434,47140,125,3123,1214,609,2444
435,47141,104,1837,753,346,1455
436,47142,45,868,363,141,982
437,47143,256,4816,1919,929,2809
438,47145,79,2546,962,507,1829
439,47147,35,1323,508,266,1164
440,47150,2696,73638,27946,14380,45326
441,47160,10,230,94,39,103
442,47161,184,4686,1848,877,3119
443,47162,34,1028,405,197,709
444,47163,102,1912,751,380,1188
445,47164,153,4598,1756,886,3915
446,47165,325,6809,2727,1220,5832
447,47166,45,1937,734,392,1515
448,47167,732,18580,7262,3495,13975
449,47170,810,19150,7369,3742,14018
450,47172,1421,30208,11789,5801,16629
451,47175,47,1080,411,222,969
452,47177,70,1624,630,322,1122
453,47201,1573,77380,28710,15480,41822
454,47203,782,49013,17537,10634,25029
455,47220,431,7362,2929,1488,5397
456,47223,39,1459,575,266,922
457,47224,14,468,183,97,463
458,47226,13,253,100,49,246
459,47227,57,1575,609,284,2039
460,47229,195,3604,1455,689,3091
461,47230,106,2197,864,433,1408
462,47231,42,1160,457,210,809
463,47232,77,3461,1300,696,3129
464,47234,45,1730,674,334,1402
465,47235,75,2174,857,402,1465
466,47240,770,27719,10583,5607,20442
467,47243,284,6761,2606,1348,5599
468,47244,15,910,342,191,688
469,47246,111,5904,2190,1205,4382
470,47247,9,204,82,37,179
471,47250,1122,31525,11919,6461,20786
472,47260,108,1766,720,330,1593
473,47263,5,190,79,27,250
474,47264,78,1412,576,259,1165
475,47265,726,23081,9038,4195,19040
476,47270,35,774,311,155,530
477,47272,68,2287,899,427,2044
478,47273,76,2231,877,412,1980
479,47274,1581,43437,17137,7905,29114
480,47280,25,1126,424,219,905
481,47281,81,1866,738,375,1161
482,47282,10,509,184,102,282
483,47283,123,4004,1535,773,3006
484,47302,843,30287,11749,5698,24394
485,47303,612,28242,10929,5263,23887
486,47304,862,52305,18933,11246,30469
487,47305,153,4046,1578,750,3285
488,47306,17,538,225,77,5096
489,47320,90,5768,2114,1198,3512
490,47324,11,106,46,19,137
491,47325,25,747,279,156,618
492,47326,28,1224,455,249,1917
493,47327,178,4839,1875,949,4241
494,47330,215,6978,2700,1394,4880
495,47331,593,24525,9394,4728,21192
496,47334,110,4435,1694,907,3061
497,47335,29,734,297,130,670
498,47336,87,4139,1555,850,3044
499,47337,Suppressed,228,87,44,117
500,47338,62,3113,1199,585,2596
501,47339,22,757,296,144,493
502,47340,70,3506,1320,707,2823
503,47341,112,2364,952,438,2267
504,47342,82,3341,1278,668,2484
505,47344,Suppressed,109,45,14,108
506,47345,55,1408,549,291,1360
507,47346,149,4858,1852,969,3663
508,47348,217,11450,4342,2307,8688
509,47351,16,522,211,93,482
510,47352,23,1213,467,215,818
511,47353,253,6587,2523,1325,5245
512,47354,26,1321,483,277,1035
513,47355,62,2763,1053,553,2620
514,47356,202,7544,2896,1490,5037
515,47357,53,1323,513,265,787
516,47358,18,1047,404,210,1003
517,47359,54,2707,1049,529,2858
518,47360,51,1872,718,378,1236
519,47361,11,370,143,69,212
520,47362,730,41100,15613,7913,28417
521,47367,Suppressed,Suppressed,Suppressed,Suppressed,57
522,47368,64,3775,1385,777,2707
523,47369,39,1074,416,205,1234
524,47371,302,13120,4882,2663,11369
525,47373,51,2334,867,468,2256
526,47374,1896,60244,22716,12117,42950
527,47380,38,1864,721,364,1446
528,47381,7,92,37,18,114
529,47382,Suppressed,182,70,34,227
530,47383,75,3876,1460,802,3066
531,47384,60,2337,928,438,1944
532,47385,49,1988,773,371,1228
533,47386,25,1557,584,318,1150
534,47387,21,815,326,142,656
535,47388,22,431,170,87,318
536,47390,163,5224,1970,1018,4634
537,47393,54,1480,578,292,1718
538,47394,196,10254,3820,2076,7797
539,47396,243,12192,4559,2573,6486
540,47401,1966,85860,30400,19319,41533
541,47403,1522,54226,20350,11217,31270
542,47404,1095,36717,13729,7542,22756
543,47405,14,349,135,55,3697
544,47406,109,3586,1435,397,3945
545,47408,882,37527,13719,7646,24986
546,47420,11,220,85,43,439
547,47421,1620,36401,14193,7122,26049
548,47424,417,12125,4657,2422,8564
549,47427,45,988,386,195,662
550,47429,338,12931,4868,2693,8776
551,47431,57,1577,604,323,1430
552,47432,172,6118,2331,1219,4188
553,47433,163,4569,1763,890,3922
554,47434,Suppressed,Suppressed,Suppressed,Suppressed,0
555,47436,109,1854,737,374,1367
556,47437,Suppressed,63,24,12,155
557,47438,125,5019,1952,920,4159
558,47441,273,12288,4655,2413,8713
559,47443,24,1348,513,262,1215
560,47446,493,11537,4483,2318,9687
561,47448,224,13516,4732,2945,7147
562,47449,19,660,245,140,372
563,47451,69,1473,588,274,1034
564,47452,196,5762,2255,1115,4876
565,47453,19,535,202,108,671
566,47454,297,10144,3850,1993,6748
567,47455,Suppressed,Suppressed,Suppressed,Suppressed,76
568,47456,64,1357,534,286,1295
569,47457,Suppressed,37,15,8,179
570,47458,Suppressed,Suppressed,Suppressed,Suppressed,58
571,47459,125,4526,1735,893,3370
572,47460,477,14772,5583,2999,10350
573,47462,302,5971,2376,1149,4531
574,47464,11,231,97,38,196
575,47465,27,840,327,151,501
576,47467,Suppressed,41,16,8,107
577,47468,58,2396,853,554,1485
578,47469,71,2130,815,447,1734
579,47470,76,1531,612,282,1463
580,47471,80,2855,1096,551,2519
581,47501,1196,19794,8026,3564,16710
582,47512,113,3881,1515,717,3890
583,47513,94,2410,948,479,1943
584,47514,38,2738,1011,614,1556
585,47515,33,1001,381,204,848
586,47516,52,1607,629,300,1057
587,47519,16,405,159,80,843
588,47520,110,4266,1588,860,2661
589,47521,47,1336,518,288,664
590,47522,12,271,110,42,393
591,47523,125,4483,1741,826,3149
592,47524,11,570,228,96,531
593,47525,13,687,254,137,281
594,47527,66,2264,887,452,1761
595,47528,13,716,261,151,480
596,47529,44,948,382,181,1105
597,47531,41,1331,507,260,915
598,47532,155,7020,2646,1448,4114
599,47535,12,661,243,129,720
600,47536,Suppressed,Suppressed,Suppressed,Suppressed,0
601,47537,38,1053,390,220,848
602,47541,66,1625,626,338,1134
603,47542,605,13316,5305,2573,9413
604,47546,1326,34771,13394,7233,20107
605,47550,33,1030,394,205,521
606,47551,22,875,328,185,867
607,47552,10,241,95,47,270
608,47553,411,7755,3139,1451,8116
609,47557,36,1411,547,266,1480
610,47558,126,1867,757,374,3899
611,47561,150,1816,752,313,1546
612,47562,129,3666,1405,720,4365
613,47564,51,1564,606,320,1188
614,47567,131,6833,2632,1276,5908
615,47568,45,826,340,141,787
616,47574,Suppressed,286,102,59,213
617,47575,50,1410,543,297,920
618,47576,15,496,194,98,309
619,47577,35,1571,593,303,1181
620,47578,18,870,332,182,687
621,47579,136,4324,1640,871,2423
622,47580,7,382,148,83,406
623,47581,172,3648,1454,690,3497
624,47584,Suppressed,144,56,27,129
625,47585,14,463,181,87,742
626,47586,455,17914,6562,3737,10231
627,47588,18,879,326,176,595
628,47590,14,766,301,142,413
629,47591,891,33665,12907,6291,23863
630,47596,Suppressed,Suppressed,Suppressed,Suppressed,71
631,47597,27,1046,406,186,835
632,47598,107,3272,1265,619,2754
633,47601,298,20403,7691,3948,13197
634,47610,140,7647,2896,1476,5128
635,47611,43,1575,588,309,1399
636,47612,18,1154,434,225,657
637,47613,79,3862,1482,754,3057
638,47615,59,1866,712,381,1738
639,47616,6,457,169,94,261
640,47619,39,2345,875,486,1625
641,47620,222,19218,7109,3840,12530
642,47630,761,71186,26068,14811,33965
643,47631,21,3166,1134,654,2113
644,47633,42,3609,1331,712,2241
645,47634,80,2816,1068,581,2183
646,47635,198,7010,2572,1496,5200
647,47637,35,1820,692,350,1259
648,47638,69,5260,1987,1043,3211
649,47639,86,7307,2762,1444,3900
650,47640,27,1047,395,204,1034
651,47648,146,6222,2365,1200,3953
652,47649,38,1611,606,314,1434
653,47654,Suppressed,Suppressed,Suppressed,Suppressed,92
654,47660,102,5733,2143,1139,4599
655,47665,109,4257,1650,787,3538
656,47666,59,1772,680,337,1669
657,47670,456,15612,5977,2864,11309
658,47683,Suppressed,18,6,6,235
659,47708,46,1132,428,212,445
660,47710,473,25379,9572,4770,17834
661,47711,976,48584,18200,9687,30334
662,47712,472,35751,13329,7136,25489
663,47713,304,13010,5005,2358,9478
664,47714,658,45184,17103,8595,32245
665,47715,636,49169,18018,10060,24589
666,47720,321,28320,10366,5813,16734
667,47725,443,35524,13162,7300,16260
668,47802,1243,45953,17426,8973,32617
669,47803,838,34132,12546,7144,19839
670,47804,360,12816,4917,2395,10825
671,47805,475,17860,6848,3512,11873
672,47807,482,11283,4562,1817,11322
673,47809,Suppressed,406,167,37,2516
674,47832,39,968,371,198,985
675,47833,69,1166,465,229,761
676,47834,833,22018,8720,4089,18009
677,47836,Suppressed,Suppressed,Suppressed,Suppressed,0
678,47837,42,1168,459,214,984
679,47838,104,5150,2076,883,3659
680,47840,54,1645,648,309,1711
681,47841,145,2353,932,490,2127
682,47842,473,12811,4928,2512,9058
683,47846,16,711,272,143,532
684,47847,50,1067,413,213,1138
685,47848,75,2097,819,393,1580
686,47849,23,542,213,101,479
687,47850,84,3001,1147,596,2082
688,47853,9,307,116,63,115
689,47854,35,942,374,181,586
690,47855,24,637,248,117,484
691,47857,11,578,215,112,408
692,47858,15,623,238,114,699
693,47859,31,750,302,134,890
694,47860,12,233,93,46,402
695,47861,31,605,234,124,563
696,47862,73,1499,593,285,1302
697,47863,8,229,86,49,294
698,47865,Suppressed,Suppressed,Suppressed,Suppressed,55
699,47866,12,596,222,125,587
700,47868,137,2585,1042,483,2968
701,47869,5,151,60,27,124
702,47871,13,251,100,52,293
703,47872,329,9657,3756,1873,8221
704,47874,114,3693,1437,725,3104
705,47876,8,778,232,179,348
706,47879,121,3325,1318,591,3369
707,47880,Suppressed,Suppressed,Suppressed,Suppressed,78
708,47881,17,367,151,63,321
709,47882,466,11090,4339,2122,7367
710,47884,Suppressed,329,123,55,185
711,47885,327,11228,4304,2207,8501
712,47901,143,5691,2113,1116,3467
713,47904,431,21034,8025,3842,16284
714,47905,1102,66660,24699,13484,38998
715,47906,1804,134634,48903,27394,74443
716,47907,Suppressed,Suppressed,Suppressed,Suppressed,0
717,47909,1145,62548,23725,12166,39476
718,47916,Suppressed,Suppressed,Suppressed,Suppressed,38
719,47917,37,452,178,96,445
720,47918,255,7114,2771,1382,5383
721,47920,77,4298,1600,907,2123
722,47921,90,1354,563,244,1010
723,47922,56,1680,654,316,1423
724,47923,125,5235,1989,1036,3040
725,47924,Suppressed,183,69,33,162
726,47925,9,306,114,69,123
727,47926,24,1075,410,202,1440
728,47928,51,1552,623,275,1894
729,47929,32,956,362,206,594
730,47930,28,1394,532,267,1211
731,47932,145,5333,2058,965,5027
732,47933,897,35450,13619,6738,25996
733,47940,44,1601,619,314,1617
734,47941,27,1826,683,360,1335
735,47942,20,758,283,156,678
736,47943,66,1075,448,180,999
737,47944,111,4735,1818,958,3192
738,47946,52,2159,820,422,2072
739,47948,36,1311,512,236,1408
740,47949,42,1259,490,238,1120
741,47950,30,810,317,158,846
742,47951,37,2437,901,489,2043
743,47952,65,2262,885,404,2794
744,47954,56,2286,911,409,2249
745,47955,29,1265,492,243,934
746,47957,35,1639,627,320,1716
747,47958,8,135,57,24,137
748,47959,71,2898,1135,497,2781
749,47960,504,20630,7795,4100,13897
750,47963,45,2226,839,456,1971
751,47964,6,102,38,22,106
752,47965,13,600,237,104,588
753,47966,17,456,178,84,343
754,47967,24,846,330,156,617
755,47968,29,1062,406,208,971
756,47969,Suppressed,Suppressed,Suppressed,Suppressed,95
757,47970,56,2466,946,468,1726
758,47971,50,2562,978,509,1873
759,47974,38,863,355,137,1131
760,47975,26,1023,374,220,611
761,47977,79,2547,981,488,2220
762,47978,561,12406,4850,2456,10712
763,47980,33,1304,500,246,955
764,47981,24,1074,408,208,1052
765,47982,Suppressed,94,38,11,160
766,47983,7,394,152,73,280
767,47987,114,3414,1351,635,3806
768,47989,38,1118,431,219,1288
769,47990,33,1803,697,342,1837
770,47991,25,1076,409,207,893
771,47992,42,2097,770,438,1327
772,47993,144,4373,1689,853,3502
773,47994,20,525,209,95,296
774,47995,54,1859,732,350,1516
775,47997,Suppressed,93,36,19,122
